Product Name,Prices
Apple iPhone 15 (128 GB) - Black,"61,499"
Apple iPhone 13 (128GB) - Blue,"43,999"
"iPhone 16 128 GB: 5G Mobile Phone with Camera Control, A18 Chip and a Big Boost in Battery Life. Works with AirPods; Black","74,400"
"iPhone 16 Pro 256 GB: 5G Mobile Phone with Camera Control, 4K 120 fps Dolby Vision and a Huge Leap in Battery Life. Works with AirPods; Black Titanium","1,22,900"
"iPhone 16 256 GB: 5G Mobile Phone with Camera Control, A18 Chip and a Big Boost in Battery Life. Works with AirPods; Black","84,900"
"iPhone 16 Pro Max 256 GB: 5G Mobile Phone with Camera Control, 4K 120 fps Dolby Vision and a Huge Leap in Battery Life. Works with AirPods; Desert Titanium","1,37,900"
Apple iPhone 15 Plus (128 GB) - Black,"71,900"
"iPhone 16 128 GB: 5G Mobile Phone with Camera Control, A18 Chip and a Big Boost in Battery Life. Works with AirPods; Ultramarine","73,900"
"iPhone 16 Pro 128 GB: 5G Mobile Phone with Camera Control, 4K 120 fps Dolby Vision and a Huge Leap in Battery Life. Works with AirPods; Natural Titanium","1,12,900"
Apple iPhone 15 (128 GB) - Black,"61,499"
Apple iPhone 14 (128 GB) - Blue,"54,900"
Apple iPhone 14 (128 GB) - Purple,"54,900"
Apple iPhone 15 (256 GB) - Black,"70,999"
Apple iPhone 13 (128GB) - (Product) RED,"43,499"
Apple iPhone 15 (128 GB) - Green,"61,499"
Apple iPhone 15 (128 GB) - Blue,"61,499"
"iPhone 16 Pro 256 GB: 5G Mobile Phone with Camera Control, 4K 120 fps Dolby Vision and a Huge Leap in Battery Life. Works with AirPods; White Titanium","1,22,900"
"iPhone 16 128 GB: 5G Mobile Phone with Camera Control, A18 Chip and a Big Boost in Battery Life. Works with AirPods; Pink","71,900"
"Samsung Galaxy S25 Ultra 5G AI Smartphone (Titanium Silverblue, 12GB RAM, 512GB Storage), 200MP Camera, S Pen Included, Long Battery Life","1,41,999"
"Redmi Note 14 5G (Titan Black, 8GB RAM 256GB Storage) | Global Debut MTK Dimensity 7025 Ultra | 2100 nits Segment Brightest 120Hz AMOLED | 50MP Sony LYT 600 OIS+EIS Triple Camera","21,999"
Apple iPhone 13 (128GB) - Blue,"43,999"
Apple iPhone 13 (256GB) - Blue,"54,999"
Apple iPhone 15 (256 GB) - Blue,"70,999"
"iPhone 16 128 GB: 5G Mobile Phone with Camera Control, A18 Chip and a Big Boost in Battery Life. Works with AirPods; White","73,900"
"iPhone 16 Pro Max 256 GB: 5G Mobile Phone with Camera Control, 4K 120 fps Dolby Vision and a Huge Leap in Battery Life. Works with AirPods; Black Titanium","1,37,900"
"iPhone 16 Pro 128 GB: 5G Mobile Phone with Camera Control, 4K 120 fps Dolby Vision and a Huge Leap in Battery Life. Works with AirPods; Desert Titanium","1,12,900"
Apple iPhone 14 (128 GB) - Midnight,"54,900"
Apple iPhone 15 Plus (128 GB) - Blue,"72,400"
"iPhone 16 Pro Max 512 GB: 5G Mobile Phone with Camera Control, 4K 120 fps Dolby Vision and a Huge Leap in Battery Life. Works with AirPods; Black Titanium","1,57,900"
Apple iPhone 15 (256 GB) - Pink,"70,999"
Apple iPhone 14 (128 GB) - Starlight,"54,400"
"iPhone 16 128 GB: 5G Mobile Phone with Camera Control, A18 Chip and a Big Boost in Battery Life. Works with AirPods; Teal","74,900"
"iPhone 16 Pro 128 GB: 5G Mobile Phone with Camera Control, 4K 120 fps Dolby Vision and a Huge Leap in Battery Life. Works with AirPods; Black Titanium","1,12,900"
Apple iPhone 13 (128GB) - Midnight,"43,999"
"iPhone 16 Pro Max 1 TB: 5G Mobile Phone with Camera Control, 4K 120 fps Dolby Vision and a Huge Leap in Battery Life. Works with AirPods; Black Titanium","1,77,900"
Apple iPhone 15 Plus (512 GB) - Pink,"95,900"
"VeriluxÂ® Flash Drive 64GB 4 in 1 Pendrive with Light-ning, Micro USB, USB A, Type-C Interface Mini Hangable Pen Drive for iOS & Android Compatible with Phone, Pad, Android, PC and More Devices","1,363"
